{"cameraMode":{"drawMode":0,"name":"Shaded","section":"Shading Mode"},"sceneLighting":true,"audioPlay":false,"sceneViewState":{"showFog":false,"showMaterialUpdate":false,"showSkybox":false,"showFlares":false,"showImageEffects":false,"showParticleSystems":false},"in2DMode":false,"pivot":{"x":5.4144792556762699,"y":10.185654640197754,"z":-24.803197860717775},"rotation":{"x":-0.05314166471362114,"y":-0.9470282196998596,"z":0.2242102175951004,"w":-0.22390839457511903},"size":27.63663101196289,"orthographic":false}