{"cameraMode":{"drawMode":0,"name":"Shaded","section":"Shading Mode"},"sceneLighting":true,"audioPlay":false,"sceneViewState":{"showFog":false,"showMaterialUpdate":false,"showSkybox":false,"showFlares":false,"showImageEffects":false,"showParticleSystems":false},"in2DMode":false,"pivot":{"x":-3.734748125076294,"y":35.433494567871097,"z":-2.9292821884155275},"rotation":{"x":0.0017652919050306082,"y":0.9523525238037109,"z":-0.30560413002967837,"w":0.007865956984460354},"size":20.18036651611328,"orthographic":false}