{"cameraMode":{"drawMode":0,"name":"Shaded","section":"Shading Mode"},"sceneLighting":false,"audioPlay":false,"sceneViewState":{"showFog":false,"showMaterialUpdate":false,"showSkybox":false,"showFlares":false,"showImageEffects":false,"showParticleSystems":false},"in2DMode":false,"pivot":{"x":-30.62862205505371,"y":6.0926737785339359,"z":-49.570152282714847},"rotation":{"x":0.19160081446170808,"y":-0.7656810879707336,"z":0.2641740143299103,"w":0.5544432997703552},"size":97.23809051513672,"orthographic":false}