{"cameraMode":{"drawMode":0,"name":"Shaded","section":"Shading Mode"},"sceneLighting":true,"audioPlay":false,"sceneViewState":{"showFog":false,"showMaterialUpdate":false,"showSkybox":false,"showFlares":false,"showImageEffects":false,"showParticleSystems":false},"in2DMode":false,"pivot":{"x":-51.85540008544922,"y":71.62269592285156,"z":-73.13970184326172},"rotation":{"x":-0.28596577048301699,"y":-0.28325071930885317,"z":0.08846613764762879,"w":-0.9114536643028259},"size":3.5865631103515627,"orthographic":false}