{"cameraMode":{"drawMode":0,"name":"Shaded","section":"Shading Mode"},"sceneLighting":false,"audioPlay":false,"sceneViewState":{"showFog":false,"showMaterialUpdate":false,"showSkybox":false,"showFlares":false,"showImageEffects":false,"showParticleSystems":false},"in2DMode":false,"pivot":{"x":114.18240356445313,"y":-73.86390686035156,"z":31.167282104492189},"rotation":{"x":-0.2461680918931961,"y":-0.5146951079368591,"z":0.1572204977273941,"w":-0.8061503767967224},"size":107.2488784790039,"orthographic":false}